Workbook
Name payable_amount: #REF!

Sheet Title
A1: FOR CONTRACTORS & SUPPLIERS ONLY FOR PAYMENT FOR WORK OR SUPPLIES ACTUALLY MEASURED
A2: Bill Number | B2: First
A3: Running or Final | B3: Final
A4: Cash Book Voucher No. and Date
A5: Name of Contractor or supplier : | B5: M/s. Shree Krishna Builders Jaipur
A6: Name of Work ;- | B6: Plumbing Installation and MTC work at Govt. Nehru hostel Mansarovar, Sanganer, Jaipur
A7: Serial No. of this bill : | B7: First & Final Bill
A8: No. and date of the last bill- | B8: Not Applicable
A9: Reference to work order or Agreement : | B9: 0511 Dt. 05-11-2023
A10: Agreement No. | B10: 48/2024-25
A11: WORK ORDER AMOUNT RS. | B11: ='Work Order'!F39 -> 355874
A12: Date of written order to commence work : | B12: 45601
A13: St. date of Start : | B13: =B12+7 -> 45608
A14: St. date of completion : | B14: =B13+270 -> 45878
A15: Date of actual completion of work : | B15: =B14+5 -> 45883
A16: Date of measurement : | B16: =B15+32 -> 45915
A17: TENDER PREMIUM % | B17: 5.11
A18: Premium Type | B18: Above
A19: Amount Paid Vide Last Bill | B19: 0

Sheet Work Order
A1: Item | B1: Description | C1: Unit | D1: Quantity | E1: Rate | F1: Amount | G1: BSR
A2: 1 | B2: Rewiring of light point/ fan point/ exhaust fan point/ call bell point with 1.5 sq. mm nominal size FR PVC insulated unsheathed flexible copper conductor 1.1 kV grade and 1.5 sq. mm nominal size FR PVC insulated unsheathed flexible copper earth conductor 1.1 kV grade (IS:694) in recessed ISI marked MMS ( IS:9537 P - III ) virgin material PVC conduit & it's ISI marked (IS:3419-1988) accessories, round tiles, 1.2 mm thick MS box with earth terminal, 6 A switch, 3 pin ceiling rose/holder / 3 way connector , 3.0 mm thick ISI marked (IS:2036-1995) phenolic laminated sheet, Al.alloy / Cadmium plated iron/ brass screws, cup washers, making connections, testing etc. as required. For specification of copper Conductor, Phenolic Laminated sheet's & Electrical/ Wiring accessories refer Chapter E - 04, E - 05 & E - 07 For additional technical parameters of product / work refer Annexure 'A' attached with this BSR | F2: =IF(ISBLANK(D2),"",ROUND(D2*E2,0)) | G2: 1.5
B3: Short point (up to 3 mtr.) | C3: P. point | D3: 50 | E3: 256 | F3: =IF(ISBLANK(D3),"",ROUND(D3*E3,0)) -> 12800 | G3: 1.5.1
B4: Medium point (up to 6 mtr.) | C4: P. point | D4: 50 | E4: 472 | F4: =IF(ISBLANK(D4),"",ROUND(D4*E4,0)) -> 23600 | G4: 1.5.2
B5: Long point (up to 10 mtr.) | C5: P. point | D5: 50 | E5: 662 | F5: =IF(ISBLANK(D5),"",ROUND(D5*E5,0)) -> 33100 | G5: 1.5.3
A6: 2 | B6: Rewiring of 3/5 pin 6 amp. Light plug point with 1.5 sq. mm nominal size FR PVC insulated unsheathed flexible copper conductor 1.1 kV grade and 1.5 sq. mm nominal size FR PVC insulated unsheathed flexible copper earth conductor 1.1 kV grade(IS:694) in recessed ISI marked MMS ( IS:9537 P - III ) virgin material PVC conduit & it's ISI marked (IS:3419-1988) accessories, 1.2 mm thick MS box with earth terminal of required size, 6 A switch, 3/5 pin 6 A socket, 3.0 mm thick ISI marked (IS:2036-1995) phenolic laminated sheet, Al.alloy / Cadmium plated iron/ brass screws, cup washers, making connections, testing etc. as required. For specification of copper Conductor, Phenolic Laminated sheet's & Electrical/ Wiring accessories refer Chapter E - 04, E - 05 & E - 07 For additional technical parameters of product / work refer Annexure 'A' attached with this BSR | F6: =IF(ISBLANK(D6),"",ROUND(D6*E6,0)) | G6: 1.7
B7: On board | C7: P. point | D7: 100 | E7: 136 | F7: =IF(ISBLANK(D7),"",ROUND(D7*E7,0)) -> 13600 | G7: 1.7.1
A8: 3 | B8: P & F ISI marked (IS:3854) 6 amp. flush type non modular switch with CM/L no. printed and made out from industrial grade Polycarbonate or fire resistant ABS material including cutting hole in tile and making connection testing etc. as required. All as per pre approved by Engineer in charge. For additional technical parameters of products/ work , refer Annexure "A" attached with this BSR . | C8: Each | D8: 10 | E8: 23 | F8: =IF(ISBLANK(D8),"",ROUND(D8*E8,0)) -> 230 | G8: 7.1
A9: 4 | B9: P & F ISI marked (IS :3854) 16 amp. flush type non modular switch CM/L no. printed and made out from industrial grade Polycarbonate or fire resistant ABS material including cutting hole in tile and making connection testing etc. as required. All as per pre approved by Engineer in charge. For additional technical parameters of products/ work , refer Annexure "A" attached with this BSR . | C9: Each | D9: 30 | E9: 50 | F9: =IF(ISBLANK(D9),"",ROUND(D9*E9,0)) -> 1500 | G9: 7.2
A10: 5 | B10: Providing & Fixing of of 3/5 pin 6 amp. flush type non modular socket made out from industrial grade Polycarbonate or fire resistant ABS material, brass terminal with Porcelain based back cover & captive screws including cutting hole in tile and making connection testing etc. as required.All as per pre approved by Engineer in charge. For additional technical parameters of products/ work , refer Annexure "A" attached with this BSR . | C10: Each | D10: 10 | E10: 33 | F10: =IF(ISBLANK(D10),"",ROUND(D10*E10,0)) -> 330 | G10: 7.10
A11: 6 | B11: Providing & Fixing of 3/6 pin 16 amp flush type non modular socket made out from Industrial grade Polycarbonate or fire resistant ABS material, brass terminal with Porcelain based back cover & captive screws including cutting hole in tile and making connection testing etc. as required.All as per pre approved by Engineer in charge. For additional technical parameters of products/ work , refer Annexure "A" attached with this BSR . | C11: Each | D11: 10 | E11: 78 | F11: =IF(ISBLANK(D11),"",ROUND(D11*E11,0)) -> 780 | G11: 7.11
A12: 7 | B12: Providing & Fixing of ISI marked (IS:371) 6 amp surface type 3 pin ceiling rose with CM/L no. printed and made out from industrial grade Polycarbonate or fire resistant ABS material, brass terminal & captive screws including making connection testing etc. as required.All as per pre approved by Engineer in charge. For additional technical parameters of products/ work , refer Annexure "A" attached with this BSR . | C12: Each | D12: 10 | E12: 30 | F12: =IF(ISBLANK(D12),"",ROUND(D12*E12,0)) -> 300 | G12: 7.12
A13: 8 | B13: Providing & Fixing of ISI marked (IS:1258) batten/angle lamp holder with CM/L no. printed and made out from industrial grade Polycarbonate or fire resistant ABS material, brass terminal & captive screwsincluding making connection testing etc. as required. All as per pre approved by Engineer in charge. For additional technical parameters of products/ work , refer Annexure "A" attached with this BSR . | C13: Each | D13: 10 | E13: 30 | F13: =IF(ISBLANK(D13),"",ROUND(D13*E13,0)) -> 300 | G13: 7.13
A14: 9 | B14: Providing & Fixing of IS 11037:1984 marked non modular socket size flush type 180 watt rotary minimum 5 step fan regulator with CM/L no. printed and made out from industrial grade Polycarbonate or fire resistant ABS material including making connection testing etc. as required.All as per pre approved by Engineer in charge. For additional technical parameters of products/ work , refer Annexure "A" attached with this BSR . | C14: Each | D14: 33 | E14: 219 | F14: =IF(ISBLANK(D14),"",ROUND(D14*E14,0)) -> 7227 | G14: 7.21
A15: 10 | B15: Providing and fixing of power plug point with non modular accessories as per PWD specification for electrical Works with Galvanized box of 1.2 mm thick with earth terminal with suitable size phenolic laminated sheet (IS : 2036 - 1995) cover including cost of 16 amp. Switch (IS :3854) and 3/6 pin 16 amp. socket outlet making connection , testing , etc. as required. . For specification of Wiring accessories refer Chapter E - 07 related item & For additional technical parameters of product / work refer Annexure 'A' attached with this BSR | C15: Each | D15: 44 | E15: 303 | F15: =IF(ISBLANK(D15),"",ROUND(D15*E15,0)) -> 13332 | G15: 7.36
A16: 11 | B16: S&F following sizes (dia.) of ISI marked virgin material MMS ( IS:9537 P - III ) PVC conduit along with ISI marked (IS:3419-1988) accessories as required in recess including cutting the wall, covering conduit and making good the same as required. For additional technical parameters of product / work refer Annexure 'A' attached with this BSR | F16: =IF(ISBLANK(D16),"",ROUND(D16*E16,0)) | G16: 1.4
B17: 20 mm | C17: R. mtr. | D17: 300 | E17: 40 | F17: =IF(ISBLANK(D17),"",ROUND(D17*E17,0)) -> 12000 | G17: 1.4.1
B18: 25 mm | C18: R. mtr. | D18: 100 | E18: 56 | F18: =IF(ISBLANK(D18),"",ROUND(D18*E18,0)) -> 5600 | G18: 1.4.2
A19: 12 | B19: Supplying and drawing FR PVC insulated & unsheathed flexible copper conductor as per PWD specification for electrical Works with ISI marked (IS:694) and as per IS 8130 : 2013 of 1.1 kV grade . Wire should be made from 99.90 % purity copper, class 2 stranding in acc. to IS:8130/IEC 60228 for lower watt loss , oxygen free for less chances of oxidization, insulation PVC type A/C/D , flame retardant as per IS 10810-53, better amperage rating as per IS:3961 part 5, in existing surface or recessed PVC/ MS conduit/casing capping making connections with Copper Lugs of suitable size, Ferrules,testing etc. as required. OEM Must have its own in house NABL lab setup for all testing facilities for wires. For additional technical parameters of product / work refer Annexure 'A' attached with this BSR | F19: =IF(ISBLANK(D19),"",ROUND(D19*E19,0)) | G19: 4.1
B20: 2 x 2.5 sq. mm. + 1x1.5sqmm | C20: Mtr. | D20: 900 | E20: 81 | F20: =IF(ISBLANK(D20),"",ROUND(D20*E20,0)) -> 72900 | G20: 4.1.7
B21: 2 x 4.0 sq. mm. + 1 x 2.5 sq. mm. | C21: Mtr. | D21: 180 | E21: 122 | F21: =IF(ISBLANK(D21),"",ROUND(D21*E21,0)) -> 21960 | G21: 4.1.14
A22: 13 | B22: Plate Earthing as per IS:3043 with Hot dipped G.I. Earth plate of size 600mm x 600mm x 6.0mm by embodying 3 to 4 mtr. below the ground level with 20 mm dia. G.I. 'B' class watering Pipe ,including all accessories like nut, bolts, reducer, nipple, wire meshed funnel, and Heavy duty weather proof poly-propylene earth pit chamber with lockable Jam free lid suitable for safe working load 5000 Kg or more of size Top Dia. 225 to 260 mm, Bottom Dia 300 to 350 mm. and Height 250 to 300 mm. and embodying the pipe complete with alternate layers salt and coke/ charcoal, testing of earth resistance for value of 5 ohms or less as required & must record by engineer in charge during site visit and ensure to enter in measurment book.All as per pre approved by Engineer in charge. For additional technical parameters of products/ work , refer Annexure "A" attached with this BSR . | C22: Set | D22: 4 | E22: 5733 | F22: =IF(ISBLANK(D22),"",ROUND(D22*E22,0)) -> 22932 | G22: 14.2
A23: 14 | B23: Supply & Laying following size earth wire in horizontal or vertical run in ground/surface/recess including riveting, soldering, saddles, making connection with GI/Cu purity purity >95% thimble etc. as required. All as per pre approved by Engineer in charge. For additional technical parameters of products/ work , refer Annexure "A" attached with this BSR . | F23: =IF(ISBLANK(D23),"",ROUND(D23*E23,0)) | G23: 14.6
B24: 8 SWG G.I. ( Hot Dipped ) Wire | C24: Mtr. | D24: 100 | E24: 20 | F24: =IF(ISBLANK(D24),"",ROUND(D24*E24,0)) -> 2000 | G24: 14.6.8
A25: 15 | B25: Providing & Fixing of BEE Star rated copper wounded double ball bearing capacitor start, aluminium body & Metallic blade ceiling fan Conforming to all the performance requirements laid down in IS 374:2019 including all amendments, as applicable ; & Carry BIS licensing (i.e. ISI marking) with down rod up to 80 cm with secondary support safety cable ( steel rope) , cotter pin with 3 x 1.5 sq.mm pvc insulated flexible copper conductor making connection testing etc. as required. All as per pre approved by Engineer in charge. For additional technical parameters of products/ work , refer Annexure "A" attached with this BSR . | F25: =IF(ISBLANK(D25),"",ROUND(D25*E25,0)) | G25: 15.7
B26: 1200 mm Sweep BEE 1 Star rated (service value >=4.0 to < 4.5 ) | C26: Each | D26: 10 | E26: 1890 | F26: =IF(ISBLANK(D26),"",ROUND(D26*E26,0)) -> 18900 | G26: 15.7.1
A27: 16 | B27: Providing & Fixing of IP20 SMD Mid Power LED batten type integrated light fixture made from Powder coated Extruded aluminium housing with in built driver , System lumen efficacy ≥ 110 lm/Watt output, internal surge protection of 2.5 KV with Short & Open circuit protection ,THD < 10% , P. F.≥0.95, CRI >80 , life time of minimum 50000 Burning Hours with , 70% of intial Lumen maintaned till life ends , CCT 3000°K / 4000°K / 5700°K /6000°K/6500°K (As per ANSI Bin) , Maximum power consumption should not more than the specified rating and Fixture shall be of BIS standard and trade mark certificate ( T.C.). Manufactures Word Mark/ Name Engraved/ Embossing/ Screen printing on housing. OEM must have its own in house NABL lab setup for all testing facilities for LED fixtures. (LM79 & LM80) certificate / Report from OEM shall be submitted. All as per pre approved by Engineer in charge. For additional technical parameters of products/ work , refer Annexure "A" attached with this BSR . | F27: =IF(ISBLANK(D27),"",ROUND(D27*E27,0)) | G27: 17.1
B28: 1170mm(+/-10%) LED batten with min. lumen output 2200 lm | C28: Each | D28: 80 | E28: 492 | F28: =IF(ISBLANK(D28),"",ROUND(D28*E28,0)) -> 39360 | G28: 17.1.1
A29: 17 | B29: Providing & Fixing of 240/415 V AC MCB with positive isolation of 10 kA breaking capacity (B/ C/D tripping characteristic as per type of load and site requirement) 4 KV impulse withstand voltage, ISI marked IS 8828(1996) / conforming to IEC 60898-1 2002, IEC 60947-2, low watt losses, trip free mechanisum , energy limiting of class 3 as per IEC, minimum phase termination capacity of 35sq.mm. , conductor line load reversibility , IP 20 contact protection and fitted in existing distribution board/sheets, minimum electrical operation 20,000 upto 20 A rating and 10,000 upto 63 A, 5000 for 80 A & above rating including making connections, testing etc. as required. OEM shall have submit NABL / CPRI / ERDA accrediated lab type test reports & All as per pre approved by Engineer in charge. For additional technical parameters of product / work refer Annexure 'A' attached with this BSR | F29: =IF(ISBLANK(D29),"",ROUND(D29*E29,0)) | G29: 6.1
B30: Single pole MCB (With B/C curve tripping Characteristics) | F30: =IF(ISBLANK(D30),"",ROUND(D30*E30,0)) | G30: 6.1.1
B31: 6 A to 32 A rating | C31: Each | D31: 50 | E31: 187 | F31: =IF(ISBLANK(D31),"",ROUND(D31*E31,0)) -> 9350 | G31: 6.1.1.2
B32: Double pole MCB(With B/C curve tripping Characteristics) | F32: =IF(ISBLANK(D32),"",ROUND(D32*E32,0)) | G32: 6.1.2
B33: 50/63 A rating | C33: Each | D33: 10 | E33: 900 | F33: =IF(ISBLANK(D33),"",ROUND(D33*E33,0)) -> 9000 | G33: 6.1.2.4
A34: 18 | B34: Providing & Fixing of Recessed/surface mounting heavy duty horizontal type Double Door ( Metal / Glazed )Distribution board with Metal end box made out from Galvanized steel / CRCA sheet not less then 1.2 mm thick conforming to IS-8623-1 & 3 / IEC 61439- 1 & 3, powder painted complete with reversible door (for double door DB only )100 amp. insulated copper bus bar/shorting link , copper neutral link, copper earth link , color coded interconnecting wire set of suitable rating and din bar,masking sheet, making internal DB terminations with copper lugs, Ferrules, detachable gland plate, including making connections, testing etc. as required. OEM shall have submit NABL / CPRI / ERDA accrediated lab type test reports & All as per pre approved by Engineer in charge. For additional technical parameters of product / work refer Annexure 'A' attached with this BSR | F34: =IF(ISBLANK(D34),"",ROUND(D34*E34,0)) | G34: 6.1
B35: Metal door (single phase) IK-09 and IP-43 with Metal end box | F35: =IF(ISBLANK(D35),"",ROUND(D35*E35,0)) | G35: 6.10.1
B36: 8 Way (8+2) | C36: Each | D36: 8 | E36: 2184 | F36: =IF(ISBLANK(D36),"",ROUND(D36*E36,0)) -> 17472 | G36: 6.10.1.3
B37: Total | F37: =SUM(F2:F36) -> 338573
B38: Add Tender Premium | C38: % | D38: =Title!B17 -> 5.11 | E38: =Title!B18 -> Above | F38: =IF(E38 > 0, IF(E38 = "above", ROUND(F37 * D38 / 100, 0), IF(E38 = "below", -ROUND(F37 * D38 / 100, 0), IF(E38 = 0, 0, 0)))) -> 17301
B39: Grand Total | F39: =F37+F38 -> 355874

Sheet Bill Quantity
A1: Item | B1: Description | C1: Unit | D1: Quantity | E1: Rate | F1: Amount | G1: BSR
A2: 1 | B2: Rewiring of light point/ fan point/ exhaust fan point/ call bell point with 1.5 sq. mm nominal size FR PVC insulated unsheathed flexible copper conductor 1.1 kV grade and 1.5 sq. mm nominal size FR PVC insulated unsheathed flexible copper earth conductor 1.1 kV grade (IS:694) in recessed ISI marked MMS ( IS:9537 P - III ) virgin material PVC conduit & it's ISI marked (IS:3419-1988) accessories, round tiles, 1.2 mm thick MS box with earth terminal, 6 A switch, 3 pin ceiling rose/holder / 3 way connector , 3.0 mm thick ISI marked (IS:2036-1995) phenolic laminated sheet, Al.alloy / Cadmium plated iron/ brass screws, cup washers, making connections, testing etc. as required. For specification of copper Conductor, Phenolic Laminated sheet's & Electrical/ Wiring accessories refer Chapter E - 04, E - 05 & E - 07 For additional technical parameters of product / work refer Annexure 'A' attached with this BSR | F2: =IF(ISBLANK(D2),"",ROUND(D2*E2,0)) | G2: 1.5
B3: Short point (up to 3 mtr.) | C3: P. point | D3: 52 | E3: 256 | F3: =IF(ISBLANK(D3),"",ROUND(D3*E3,0)) -> 13312 | G3: 1.5.1
B4: Medium point (up to 6 mtr.) | C4: P. point | D4: 48 | E4: 472 | F4: =IF(ISBLANK(D4),"",ROUND(D4*E4,0)) -> 22656 | G4: 1.5.2
B5: Long point (up to 10 mtr.) | C5: P. point | D5: 52 | E5: 662 | F5: =IF(ISBLANK(D5),"",ROUND(D5*E5,0)) -> 34424 | G5: 1.5.3
A6: 2 | B6: Rewiring of 3/5 pin 6 amp. Light plug point with 1.5 sq. mm nominal size FR PVC insulated unsheathed flexible copper conductor 1.1 kV grade and 1.5 sq. mm nominal size FR PVC insulated unsheathed flexible copper earth conductor 1.1 kV grade(IS:694) in recessed ISI marked MMS ( IS:9537 P - III ) virgin material PVC conduit & it's ISI marked (IS:3419-1988) accessories, 1.2 mm thick MS box with earth terminal of required size, 6 A switch, 3/5 pin 6 A socket, 3.0 mm thick ISI marked (IS:2036-1995) phenolic laminated sheet, Al.alloy / Cadmium plated iron/ brass screws, cup washers, making connections, testing etc. as required. For specification of copper Conductor, Phenolic Laminated sheet's & Electrical/ Wiring accessories refer Chapter E - 04, E - 05 & E - 07 For additional technical parameters of product / work refer Annexure 'A' attached with this BSR | G6: 1.7
B7: On board | C7: P. point | D7: 102 | E7: 136 | F7: =IF(ISBLANK(D7),"",ROUND(D7*E7,0)) -> 13872 | G7: 1.7.1
A8: 3 | B8: P & F ISI marked (IS:3854) 6 amp. flush type non modular switch with CM/L no. printed and made out from industrial grade Polycarbonate or fire resistant ABS material including cutting hole in tile and making connection testing etc. as required. All as per pre approved by Engineer in charge. For additional technical parameters of products/ work , refer Annexure "A" attached with this BSR . | C8: Each | D8: 8 | E8: 23 | F8: =IF(ISBLANK(D8),"",ROUND(D8*E8,0)) -> 184 | G8: 7.1
A9: 4 | B9: P & F ISI marked (IS :3854) 16 amp. flush type non modular switch CM/L no. printed and made out from industrial grade Polycarbonate or fire resistant ABS material including cutting hole in tile and making connection testing etc. as required. All as per pre approved by Engineer in charge. For additional technical parameters of products/ work , refer Annexure "A" attached with this BSR . | C9: Each | D9: 32 | E9: 50 | F9: =IF(ISBLANK(D9),"",ROUND(D9*E9,0)) -> 1600 | G9: 7.2
A10: 5 | B10: Providing & Fixing of of 3/5 pin 6 amp. flush type non modular socket made out from industrial grade Polycarbonate or fire resistant ABS material, brass terminal with Porcelain based back cover & captive screws including cutting hole in tile and making connection testing etc. as required.All as per pre approved by Engineer in charge. For additional technical parameters of products/ work , refer Annexure "A" attached with this BSR . | C10: Each | D10: 22 | E10: 33 | F10: =IF(ISBLANK(D10),"",ROUND(D10*E10,0)) -> 726 | G10: 7.10
A11: 6 | B11: Providing & Fixing of 3/6 pin 16 amp flush type non modular socket made out from Industrial grade Polycarbonate or fire resistant ABS material, brass terminal with Porcelain based back cover & captive screws including cutting hole in tile and making connection testing etc. as required.All as per pre approved by Engineer in charge. For additional technical parameters of products/ work , refer Annexure "A" attached with this BSR . | C11: Each | D11: 36 | E11: 78 | F11: =IF(ISBLANK(D11),"",ROUND(D11*E11,0)) -> 2808 | G11: 7.11
A12: 7 | B12: Providing & Fixing of ISI marked (IS:371) 6 amp surface type 3 pin ceiling rose with CM/L no. printed and made out from industrial grade Polycarbonate or fire resistant ABS material, brass terminal & captive screws including making connection testing etc. as required.All as per pre approved by Engineer in charge. For additional technical parameters of products/ work , refer Annexure "A" attached with this BSR . | C12: Each | D12: 12 | E12: 30 | F12: =IF(ISBLANK(D12),"",ROUND(D12*E12,0)) -> 360 | G12: 7.12
A13: 8 | B13: Providing & Fixing of ISI marked (IS:1258) batten/angle lamp holder with CM/L no. printed and made out from industrial grade Polycarbonate or fire resistant ABS material, brass terminal & captive screwsincluding making connection testing etc. as required. All as per pre approved by Engineer in charge. For additional technical parameters of products/ work , refer Annexure "A" attached with this BSR . | C13: Each | D13: 8 | E13: 30 | F13: =IF(ISBLANK(D13),"",ROUND(D13*E13,0)) -> 240 | G13: 7.13
A14: 9 | B14: Providing & Fixing of IS 11037:1984 marked non modular socket size flush type 180 watt rotary minimum 5 step fan regulator with CM/L no. printed and made out from industrial grade Polycarbonate or fire resistant ABS material including making connection testing etc. as required.All as per pre approved by Engineer in charge. For additional technical parameters of products/ work , refer Annexure "A" attached with this BSR . | C14: Each | D14: 0 | E14: 219 | F14: =IF(ISBLANK(D14),"",ROUND(D14*E14,0)) -> 0 | G14: 7.21
A15: 10 | B15: Providing and fixing of power plug point with non modular accessories as per PWD specification for electrical Works with Galvanized box of 1.2 mm thick with earth terminal with suitable size phenolic laminated sheet (IS : 2036 - 1995) cover including cost of 16 amp. Switch (IS :3854) and 3/6 pin 16 amp. socket outlet making connection , testing , etc. as required. . For specification of Wiring accessories refer Chapter E - 07 related item & For additional technical parameters of product / work refer Annexure 'A' attached with this BSR | C15: Each | D15: 0 | E15: 303 | F15: =IF(ISBLANK(D15),"",ROUND(D15*E15,0)) -> 0 | G15: 7.36
A16: 11 | B16: S&F following sizes (dia.) of ISI marked virgin material MMS ( IS:9537 P - III ) PVC conduit along with ISI marked (IS:3419-1988) accessories as required in recess including cutting the wall, covering conduit and making good the same as required. For additional technical parameters of product / work refer Annexure 'A' attached with this BSR | F16: =IF(ISBLANK(D16),"",ROUND(D16*E16,0)) | G16: 1.4
B17: 20 mm | C17: R. mtr. | D17: 2985 | E17: 40 | F17: =IF(ISBLANK(D17),"",ROUND(D17*E17,0)) -> 119400 | G17: 1.4.1
B18: 25 mm | C18: R. mtr. | E18: 56 | F18: =IF(ISBLANK(D18),"",ROUND(D18*E18,0)) | G18: 1.4.2
A19: 12 | B19: Supplying and drawing FR PVC insulated & unsheathed flexible copper conductor as per PWD specification for electrical Works with ISI marked (IS:694) and as per IS 8130 : 2013 of 1.1 kV grade . Wire should be made from 99.90 % purity copper, class 2 stranding in acc. to IS:8130/IEC 60228 for lower watt loss , oxygen free for less chances of oxidization, insulation PVC type A/C/D , flame retardant as per IS 10810-53, better amperage rating as per IS:3961 part 5, in existing surface or recessed PVC/ MS conduit/casing capping making connections with Copper Lugs of suitable size, Ferrules,testing etc. as required. OEM Must have its own in house NABL lab setup for all testing facilities for wires. For additional technical parameters of product / work refer Annexure 'A' attached with this BSR | F19: =IF(ISBLANK(D19),"",ROUND(D19*E19,0)) | G19: 4.1
B20: 2 x 2.5 sq. mm. + 1x1.5sqmm | C20: Mtr. | D20: 92 | E20: 81 | F20: =IF(ISBLANK(D20),"",ROUND(D20*E20,0)) -> 7452 | G20: 4.1.7
B21: 2 x 4.0 sq. mm. + 1 x 2.5 sq. mm. | C21: Mtr. | D21: 12 | E21: 122 | F21: =IF(ISBLANK(D21),"",ROUND(D21*E21,0)) -> 1464 | G21: 4.1.14
A22: 13 | B22: Plate Earthing as per IS:3043 with Hot dipped G.I. Earth plate of size 600mm x 600mm x 6.0mm by embodying 3 to 4 mtr. below the ground level with 20 mm dia. G.I. 'B' class watering Pipe ,including all accessories like nut, bolts, reducer, nipple, wire meshed funnel, and Heavy duty weather proof poly-propylene earth pit chamber with lockable Jam free lid suitable for safe working load 5000 Kg or more of size Top Dia. 225 to 260 mm, Bottom Dia 300 to 350 mm. and Height 250 to 300 mm. and embodying the pipe complete with alternate layers salt and coke/ charcoal, testing of earth resistance for value of 5 ohms or less as required & must record by engineer in charge during site visit and ensure to enter in measurment book.All as per pre approved by Engineer in charge. For additional technical parameters of products/ work , refer Annexure "A" attached with this BSR . | C22: Set | D22: 15 | E22: 5733 | F22: =IF(ISBLANK(D22),"",ROUND(D22*E22,0)) -> 85995 | G22: 14.2
A23: 14 | B23: Supply & Laying following size earth wire in horizontal or vertical run in ground/surface/recess including riveting, soldering, saddles, making connection with GI/Cu purity purity >95% thimble etc. as required. All as per pre approved by Engineer in charge. For additional technical parameters of products/ work , refer Annexure "A" attached with this BSR . | G23: 14.6
B24: 8 SWG G.I. ( Hot Dipped ) Wire | C24: Mtr. | D24: 35 | E24: 20 | F24: =IF(ISBLANK(D24),"",ROUND(D24*E24,0)) -> 700 | G24: 14.6.8
A25: 15 | B25: Providing & Fixing of BEE Star rated copper wounded double ball bearing capacitor start, aluminium body & Metallic blade ceiling fan Conforming to all the performance requirements laid down in IS 374:2019 including all amendments, as applicable ; & Carry BIS licensing (i.e. ISI marking) with down rod up to 80 cm with secondary support safety cable ( steel rope) , cotter pin with 3 x 1.5 sq.mm pvc insulated flexible copper conductor making connection testing etc. as required. All as per pre approved by Engineer in charge. For additional technical parameters of products/ work , refer Annexure "A" attached with this BSR . | G25: 15.7
B26: 1200 mm Sweep BEE 1 Star rated (service value >=4.0 to < 4.5 ) | C26: Each | D26: 12 | E26: 1890 | F26: =IF(ISBLANK(D26),"",ROUND(D26*E26,0)) -> 22680 | G26: 15.7.1
A27: 16 | B27: Providing & Fixing of IP20 SMD Mid Power LED batten type integrated light fixture made from Powder coated Extruded aluminium housing with in built driver , System lumen efficacy ≥ 110 lm/Watt output, internal surge protection of 2.5 KV with Short & Open circuit protection ,THD < 10% , P. F.≥0.95, CRI >80 , life time of minimum 50000 Burning Hours with , 70% of intial Lumen maintaned till life ends , CCT 3000°K / 4000°K / 5700°K /6000°K/6500°K (As per ANSI Bin) , Maximum power consumption should not more than the specified rating and Fixture shall be of BIS standard and trade mark certificate ( T.C.). Manufactures Word Mark/ Name Engraved/ Embossing/ Screen printing on housing. OEM must have its own in house NABL lab setup for all testing facilities for LED fixtures. (LM79 & LM80) certificate / Report from OEM shall be submitted. All as per pre approved by Engineer in charge. For additional technical parameters of products/ work , refer Annexure "A" attached with this BSR . | G27: 17.1
B28: 1170mm(+/-10%) LED batten with min. lumen output 2200 lm | C28: Each | D28: 78 | E28: 492 | F28: =IF(ISBLANK(D28),"",ROUND(D28*E28,0)) -> 38376 | G28: 17.1.1
A29: 17 | B29: Providing & Fixing of 240/415 V AC MCB with positive isolation of 10 kA breaking capacity (B/ C/D tripping characteristic as per type of load and site requirement) 4 KV impulse withstand voltage, ISI marked IS 8828(1996) / conforming to IEC 60898-1 2002, IEC 60947-2, low watt losses, trip free mechanisum , energy limiting of class 3 as per IEC, minimum phase termination capacity of 35sq.mm. , conductor line load reversibility , IP 20 contact protection and fitted in existing distribution board/sheets, minimum electrical operation 20,000 upto 20 A rating and 10,000 upto 63 A, 5000 for 80 A & above rating including making connections, testing etc. as required. OEM shall have submit NABL / CPRI / ERDA accrediated lab type test reports & All as per pre approved by Engineer in charge. For additional technical parameters of product / work refer Annexure 'A' attached with this BSR | F29: =IF(ISBLANK(D29),"",ROUND(D29*E29,0)) | G29: 6.1
B30: Single pole MCB (With B/C curve tripping Characteristics) | F30: =IF(ISBLANK(D30),"",ROUND(D30*E30,0)) | G30: 6.1.1
B31: 6 A to 32 A rating | C31: Each | D31: 88 | E31: 187 | F31: =IF(ISBLANK(D31),"",ROUND(D31*E31,0)) -> 16456 | G31: 6.1.1.2
B32: Double pole MCB(With B/C curve tripping Characteristics) | F32: =IF(ISBLANK(D32),"",ROUND(D32*E32,0)) | G32: 6.1.2
B33: 50/63 A rating | C33: Each | D33: 35 | E33: 900 | F33: =IF(ISBLANK(D33),"",ROUND(D33*E33,0)) -> 31500 | G33: 6.1.2.4
A34: 18 | B34: Providing & Fixing of Recessed/surface mounting heavy duty horizontal type Double Door ( Metal / Glazed )Distribution board with Metal end box made out from Galvanized steel / CRCA sheet not less then 1.2 mm thick conforming to IS-8623-1 & 3 / IEC 61439- 1 & 3, powder painted complete with reversible door (for double door DB only )100 amp. insulated copper bus bar/shorting link , copper neutral link, copper earth link , color coded interconnecting wire set of suitable rating and din bar,masking sheet, making internal DB terminations with copper lugs, Ferrules, detachable gland plate, including making connections, testing etc. as required. OEM shall have submit NABL / CPRI / ERDA accrediated lab type test reports & All as per pre approved by Engineer in charge. For additional technical parameters of product / work refer Annexure 'A' attached with this BSR | F34: =IF(ISBLANK(D34),"",ROUND(D34*E34,0)) | G34: 6.1
B35: Metal door (single phase) IK-09 and IP-43 with Metal end box | F35: =IF(ISBLANK(D35),"",ROUND(D35*E35,0)) | G35: 6.10.1
B36: 8 Way (8+2) | C36: Each | D36: 25 | E36: 2184 | F36: =IF(ISBLANK(D36),"",ROUND(D36*E36,0)) -> 54600 | G36: 6.10.1.3
B37: Total | F37: =SUM(F2:F36) -> 468805
B38: Add Tender Premium | C38: % | D38: =Title!B17 -> 5.11 | E38: =Title!B18 -> Above | F38: =IF(E38 > 0, IF(E38 = "above", ROUND(F37 * D38 / 100, 0), IF(E38 = "below", -ROUND(F37 * D38 / 100, 0), IF(E38 = 0, 0, 0)))) -> 23956
B39: Grand Total | F39: =F37+F38 -> 492761

Sheet Extra Items
D1: EXTRA ITEM SLIP
A2: Name of Work :- | C2: =Title!B6 -> Plumbing Installation and MTC work at Govt. Nehru hostel Mansarovar, Sanganer, Jaipur
A3: Name of Contractor or supplier : | C3: =Title!B5 -> M/s. Shree Krishna Builders Jaipur
A4: Reference to work order or Agreement : | C4: =Title!B9 -> 0511 Dt. 05-11-2023
A6: S.No. | B6: Ref. BSR No. | C6: Particulars | D6: Qty. | E6: unit | F6: Rate | G6: Amount | H6: Remarks
A7: E-01 | C7: Minimum lumen output 2500 Im Post top Luminarie | D7: 2 | E7: Each | F7: 5075 | G7: =IF(ISBLANK(D7),"",ROUND(D7*F7,0)) -> 10150
A8: E-02 | C8: 6 A 3/5 pin shuttered socket | D8: 4 | E8: Each | F8: 107 | G8: =IF(ISBLANK(D8),"",ROUND(D8*F8,0)) -> 428
A9: E-03 | C9: 6/16 A shuttered socket | D9: 5 | E9: Each | F9: 176 | G9: =IF(ISBLANK(D9),"",ROUND(D9*F9,0)) -> 880
A10: E-04 | C10: Providing & Fixing of modular type lockable feature socket duly made out of unbreakable and fire retardant vergin poly carbonate with brass terminals and captive screws & silver alloy contact tip with IP-20 rating, including all as per pre approved by Engineer in charge, making connections, testing etc. as required. For additional technical parameters of product / work refer Annexure 'A' attached with this BSR | D10: 5 | E10: Each | F10: 345 | G10: =IF(ISBLANK(D10),"",ROUND(D10*F10,0)) -> 1725
A11: E-05 | C11: 6 A 3/5 pin shuttered socket | D11: 4 | E11: Each | F11: 107 | G11: =IF(ISBLANK(D11),"",ROUND(D11*F11,0)) -> 428
A12: E-06 | C12: 6/16 A shuttered socket | D12: 5 | E12: Each | F12: 176 | G12: =IF(ISBLANK(D12),"",ROUND(D12*F12,0)) -> 880
C13: Total | G13: =SUM(G7:G12) -> 14491
C14: Add Tender Premium | D14: % | E14: =Title!B17 -> 5.11 | F14: =Title!B18 -> Above | G14: =IF(F14 > 0, IF(F14 = "above", ROUND(G13 * E14 / 100, 0), IF(F14 = "below", -ROUND(G13 * E14 / 100, 0), IF(F14 = 0, 0, 0)))) -> 740
C15: Grand Total | G15: =G13+G14 -> 15231
